{"economicBowlers":{"S Dube":4.909090909090909,"A Roy":5.6,"SK Raina":6,"STR Binny":6.2727272727272725,"RA Jadeja":6.492401215805471,"R Tewatia":6.615384615384616,"RD Chahar":6.627177700348432,"Rashid Khan":6.7356948228882825,"M Ali":6.75,"A Mishra":6.765432098765432}}